{
  "data" : {
    "lookups" : [
      "free-text"
    ],
    "name" : "amount_of_money",
    "lang" : "en",
    "exotic" : false,
    "id" : "amount_of_money",
    "doc" : "{\"spanless\":false,\"short_desc\":\"measure an amount of money\",\"long_desc\":\"Money like `$20`, `30 euros`\",\"examples\":[{\"expression\":[\"find a\",\"$20\",\"coupon\"],\"response\":\"\\\"entities\\\" : {\\n      \\\"amount_of_money\\\" : [ {\\n        \\\"type\\\" : \\\"value\\\",\\n        \\\"value\\\" : 20,\\n        \\\"unit\\\" : \\\"$\\\"\\n      } ]\\n    }\",\"$$hashKey\":\"0H2\"},{\"expression\":[\"book a\",\"30 euros\",\"train ticket\"],\"response\":\"\\\"entities\\\" : {\\n      \\\"amount_of_money\\\" : [ {\\n        \\\"type\\\" : \\\"value\\\",\\n        \\\"value\\\" : 30,\\n        \\\"unit\\\" : \\\"EUR\\\"\\n      } ]\\n    }\",\"$$hashKey\":\"0IW\"}],\"similar_wisps\":[{\"name\":\"\",\"$$hashKey\":\"0H4\"}]}",
    "builtin" : true
  }
}