{
  "data" : {
    "lookups" : [
      "trait"
    ],
    "name" : "intent",
    "lang" : "en",
    "exotic" : false,
    "id" : "intent",
    "values" : [
      {
        "value" : "fetchAlternate"
      },
      {
        "value" : "fetchBudgetInfo"
      },
      {
        "value" : "fetchDeliveryInfo"
      },
      {
        "value" : "fetchDeliveryStatus"
      },
      {
        "value" : "fetchDeliveryStatus"
      },
      {
        "value" : "fetchInfo"
      }
    ],
    "doc" : "User-defined entity",
    "builtin" : false
  }
}