{
  "data" : {
    "lookups" : [
      "free-text",
      "keywords"
    ],
    "name" : "request_target",
    "lang" : "en",
    "exotic" : false,
    "id" : "request_target",
    "values" : [
      {
        "value" : "buyer",
        "expressions" : [
          "buyer"
        ]
      },
      {
        "value" : "suppiler",
        "expressions" : [
          "suppiler"
        ]
      },
      {
        "value" : "supplier",
        "expressions" : [
          "suppiler",
          "supplier"
        ]
      }
    ],
    "doc" : "User-defined entity",
    "builtin" : false
  }
}