{
  "data" : {
    "lookups" : [
      "free-text",
      "keywords"
    ],
    "name" : "request_target_name",
    "lang" : "en",
    "exotic" : false,
    "id" : "request_target_name",
    "values" : [
      {
        "value" : "Blake International Rigs",
        "expressions" : [
          "Blake International Rigs"
        ]
      },
      {
        "value" : "Blake-International-Rigs",
        "expressions" : [
          "Blake-International-Rigs"
        ]
      },
      {
        "value" : "Caterpillar",
        "expressions" : [
          "Caterpillar"
        ]
      },
      {
        "value" : "Google",
        "expressions" : [
          "Google"
        ]
      },
      {
        "value" : "Microsoft",
        "expressions" : [
          "Microsoft"
        ]
      },
      {
        "value" : "Pacific Drilling",
        "expressions" : [
          "Pacific Drilling"
        ]
      },
      {
        "value" : "Pacific-Drilling",
        "expressions" : [
          "Pacific-Drilling"
        ]
      },
      {
        "value" : "SJ Petroleum Machinery",
        "expressions" : [
          "SJ Petroleum Machinery"
        ]
      },
      {
        "value" : "SJ-Petrol-Machi",
        "expressions" : [
          "SJ-Petrol-Machi"
        ]
      },
      {
        "value" : "SJ-Petroleum-Machinery",
        "expressions" : [
          "SJ-Petroleum-Machinery"
        ]
      },
      {
        "value" : "amazon",
        "expressions" : [
          "amazon"
        ]
      },
      {
        "value" : "ariba",
        "expressions" : [
          "ariba"
        ]
      },
      {
        "value" : "expedia",
        "expressions" : [
          "expedia"
        ]
      },
      {
        "value" : "facebook",
        "expressions" : [
          "facebook"
        ]
      },
      {
        "value" : "schlumberger",
        "expressions" : [
          "schlumberger"
        ]
      },
      {
        "value" : "thoughtworks",
        "expressions" : [
          "thoughtworks"
        ]
      },
      {
        "value" : "zoho",
        "expressions" : [
          "zoho"
        ]
      }
    ],
    "doc" : "User-defined entity",
    "builtin" : false
  }
}