{
  "data" : [
    {
      "id" : "function-fetchAlternate",
      "type" : "function",
      "name" : "fetchAlternate"
    },
    {
      "id" : "function-fetchBudgetInfo",
      "type" : "function",
      "name" : "fetchBudgetInfo",
      "requirements" : [
        {
          "name" : "amount_of_money",
          "negative" : false
        }
      ]
    },
    {
      "id" : "function-fetchBudgetOptions",
      "type" : "function",
      "name" : "fetchBudgetOptions",
      "requirements" : [
        {
          "name" : "executeBudgetOptions",
          "negative" : false
        },
        {
          "name" : "number",
          "negative" : false
        }
      ]
    },
    {
      "id" : "function-fetchDeliveryInfo",
      "type" : "function",
      "name" : "fetchDeliveryInfo"
    },
    {
      "id" : "function-fetchInfo",
      "type" : "function",
      "name" : "fetchInfo",
      "requirements" : [
        {
          "name" : "request_target",
          "negative" : false
        },
        {
          "name" : "request_target_name",
          "negative" : false
        }
      ]
    },
    {
      "id" : "template-<ol><li>{alternateAsset1}</li><li>{alternateAsset2}</li></ol>",
      "type" : "template",
      "template" : "<ol><li>{alternateAsset1}</li><li>{alternateAsset2}</li></ol>",
      "requirements" : [
        {
          "name" : "alternateAsset1",
          "negative" : false
        },
        {
          "name" : "alternateAsset2",
          "negative" : false
        }
      ]
    },
    {
      "id" : "template-Did you also have a duration in mind ?",
      "type" : "template",
      "template" : "Did you also have a duration in mind ?",
      "requirements" : [
        {
          "name" : "missingDuration",
          "negative" : false
        },
        {
          "name" : "shipment_delay",
          "negative" : true
        },
        {
          "name" : "shipment_delay_reason",
          "negative" : true
        },
        {
          "name" : "shipment_destination",
          "negative" : true
        },
        {
          "name" : "shipment_duration",
          "negative" : true
        },
        {
          "name" : "shipment_source",
          "negative" : true
        }
      ]
    },
    {
      "id" : "template-Email sent to finnance manager Thomas Wong to find out if alternate cost center can be used.",
      "type" : "template",
      "template" : "Email sent to finnance manager Thomas Wong to find out if alternate cost center can be used.",
      "requirements" : [
        {
          "name" : "checkWithFinance",
          "negative" : false
        }
      ]
    },
    {
      "id" : "template-Here are the suggestions for alternate suppliers: {supplier_alt_1}",
      "type" : "template",
      "template" : "Here are the suggestions for alternate suppliers: {supplier_alt_1}",
      "requirements" : [
        {
          "name" : "supplier_alt_1",
          "negative" : false
        }
      ]
    },
    {
      "id" : "template-Sorry, I don't understand that option<br>You have the following options, <ol><li> Suggest alternate options to Sam that will keep it under the budget.</li> <li>Check with Sam if we can push this purchase to the next quarter.</li><li>Check with finance if this can be approved under different cost center.</li></ol>",
      "type" : "template",
      "template" : "Sorry, I don't understand that option<br>You have the following options, <ol><li> Suggest alternate options to Sam that will keep it under the budget.</li> <li>Check with Sam if we can push this purchase to the next quarter.</li><li>Check with finance if this can be approved under different cost center.</li></ol>",
      "requirements" : [
        {
          "name" : "default",
          "negative" : false
        }
      ]
    },
    {
      "id" : "template-Suggested sam to move the purchase to the next quarter.",
      "type" : "template",
      "template" : "Suggested sam to move the purchase to the next quarter.",
      "requirements" : [
        {
          "name" : "pushToNextQuarter",
          "negative" : false
        }
      ]
    },
    {
      "id" : "template-The projection cost of ${amount_of_money} is within your budget of {availableBudget}",
      "type" : "template",
      "template" : "The projection cost of ${amount_of_money} is within your budget of {availableBudget}",
      "requirements" : [
        {
          "name" : "amount_of_money",
          "negative" : false
        },
        {
          "name" : "availableBudget",
          "negative" : false
        },
        {
          "name" : "exceedAmount",
          "negative" : true
        },
        {
          "name" : "executeBudgetOptions",
          "negative" : true
        },
        {
          "name" : "fail",
          "negative" : true
        },
        {
          "name" : "pass",
          "negative" : false
        }
      ]
    },
    {
      "id" : "template-This equipment is shipped from {shipment_source} and will normally make it to the plant in {shipment_destination} in {shipment_duration}",
      "type" : "template",
      "template" : "This equipment is shipped from {shipment_source} and will normally make it to the plant in {shipment_destination} in {shipment_duration}",
      "requirements" : [
        {
          "name" : "missingDuration",
          "negative" : true
        },
        {
          "name" : "shipment_destination",
          "negative" : false
        },
        {
          "name" : "shipment_duration",
          "negative" : false
        },
        {
          "name" : "shipment_source",
          "negative" : false
        }
      ]
    },
    {
      "id" : "template-This equipment is shipped from {shipment_source} and will normally make it to the plant in {shipment_destination} in {shipment_duration}, However there could be an additional delay of {shipment_delay} due to {shipment_delay_reason}",
      "type" : "template",
      "template" : "This equipment is shipped from {shipment_source} and will normally make it to the plant in {shipment_destination} in {shipment_duration}, However there could be an additional delay of {shipment_delay} due to {shipment_delay_reason}",
      "requirements" : [
        {
          "name" : "missingDuration",
          "negative" : true
        },
        {
          "name" : "shipment_delay",
          "negative" : false
        },
        {
          "name" : "shipment_delay_reason",
          "negative" : false
        },
        {
          "name" : "shipment_destination",
          "negative" : false
        },
        {
          "name" : "shipment_duration",
          "negative" : false
        },
        {
          "name" : "shipment_source",
          "negative" : false
        }
      ]
    },
    {
      "id" : "template-You have only {availableBudget} left in your budget for this quarter and will exceed your budget by {exceedAmount} if you approve this request.<br><br>You have the following options: <ol><li> Suggest alternate products</li> <li>Ask if this purchase can be moved to next quarter</li><li>Check with finance if this can be approved under different cost center</li></ol>",
      "type" : "template",
      "template" : "You have only {availableBudget} left in your budget for this quarter and will exceed your budget by {exceedAmount} if you approve this request.<br><br>You have the following options: <ol><li> Suggest alternate products</li> <li>Ask if this purchase can be moved to next quarter</li><li>Check with finance if this can be approved under different cost center</li></ol>",
      "requirements" : [
        {
          "name" : "availableBudget",
          "negative" : false
        },
        {
          "name" : "exceedAmount",
          "negative" : false
        },
        {
          "name" : "executeBudgetOptions",
          "negative" : false
        },
        {
          "name" : "fail",
          "negative" : false
        },
        {
          "name" : "pass",
          "negative" : true
        }
      ]
    },
    {
      "id" : "template-{request_target_name} is a {rank} {request_target} and has track record of on-time delivery{consistency}",
      "type" : "template",
      "template" : "{request_target_name} is a {rank} {request_target} and has track record of on-time delivery{consistency}",
      "requirements" : [
        {
          "name" : "consistency",
          "negative" : false
        },
        {
          "name" : "rank",
          "negative" : false
        },
        {
          "name" : "request_target",
          "negative" : false
        },
        {
          "name" : "request_target_name",
          "negative" : false
        }
      ]
    }
  ]
}