{
  "data" : [
    {
      "text" : "1",
      "entities" : [
        {
          "entity" : "number",
          "value" : "1",
          "start" : 0,
          "end" : 1
        }
      ]
    },
    {
      "text" : "2",
      "entities" : [
        {
          "entity" : "number",
          "value" : "2",
          "start" : 0,
          "end" : 1
        }
      ]
    },
    {
      "text" : "2 days",
      "entities" : [
        {
          "entity" : "duration",
          "value" : "2",
          "start" : 0,
          "end" : 6
        }
      ]
    },
    {
      "text" : "2 weeks",
      "entities" : [
        {
          "entity" : "duration",
          "value" : "2",
          "start" : 0,
          "end" : 7
        }
      ]
    },
    {
      "text" : "3",
      "entities" : [
        {
          "entity" : "number",
          "value" : "\"3\"",
          "start" : 0,
          "end" : 1
        }
      ]
    },
    {
      "text" : "3 weeks",
      "entities" : [
        {
          "entity" : "duration",
          "value" : "3",
          "start" : 0,
          "end" : 7
        }
      ]
    },
    {
      "text" : "4",
      "entities" : [
        {
          "entity" : "number",
          "value" : "4",
          "start" : 0,
          "end" : 1
        }
      ]
    },
    {
      "text" : "5",
      "entities" : [
        {
          "entity" : "number",
          "value" : "5",
          "start" : 0,
          "end" : 1
        }
      ]
    },
    {
      "text" : "500",
      "entities" : [
        {
          "entity" : "number",
          "value" : "500",
          "start" : 0,
          "end" : 3
        }
      ]
    },
    {
      "text" : "6",
      "entities" : [
        {
          "entity" : "number",
          "value" : "6",
          "start" : 0,
          "end" : 1
        }
      ]
    },
    {
      "text" : "Could you suggest me alternate suppliers. please make comply with current policies",
      "entities" : [
        {
          "entity" : "intent",
          "value" : "\"fetchAlternate\""
        },
        {
          "entity" : "request_target",
          "value" : "\"supplier\"",
          "start" : 31,
          "end" : 39
        },
        {
          "entity" : "comply",
          "value" : "\"comply\"",
          "start" : 54,
          "end" : 60
        }
      ]
    },
    {
      "text" : "I need my order delivered in 2 weeks",
      "entities" : [
        {
          "entity" : "intent",
          "value" : "\"fetchDeliveryInfo\""
        },
        {
          "entity" : "duration",
          "value" : "2",
          "start" : 29,
          "end" : 36
        }
      ]
    },
    {
      "text" : "I need the asset delivered in 2 weeks",
      "entities" : [
        {
          "entity" : "intent",
          "value" : "\"fetchDeliveryInfo\""
        },
        {
          "entity" : "duration",
          "value" : "2",
          "start" : 30,
          "end" : 37
        }
      ]
    },
    {
      "text" : "I need the equipment",
      "entities" : [
        {
          "entity" : "intent",
          "value" : "\"fetchDeliveryInfo\""
        }
      ]
    },
    {
      "text" : "I need the equipment delivered in two weeks",
      "entities" : [
        {
          "entity" : "intent",
          "value" : "\"fetchDeliveryInfo\""
        },
        {
          "entity" : "duration",
          "value" : "2",
          "start" : 34,
          "end" : 43
        }
      ]
    },
    {
      "text" : "I need the order delivered in 3 weeks",
      "entities" : [
        {
          "entity" : "intent",
          "value" : "\"fetchDeliveryInfo\""
        },
        {
          "entity" : "duration",
          "value" : "3",
          "start" : 30,
          "end" : 37
        }
      ]
    },
    {
      "text" : "I need this order delivered",
      "entities" : [
        {
          "entity" : "intent",
          "value" : "\"fetchDeliveryInfo\""
        }
      ]
    },
    {
      "text" : "I want this delivered in 3 weeks after approval",
      "entities" : [
        {
          "entity" : "intent",
          "value" : "\"fetchDeliveryInfo\""
        },
        {
          "entity" : "duration",
          "value" : "3",
          "start" : 25,
          "end" : 32
        }
      ]
    },
    {
      "text" : "I want this equipment delivered",
      "entities" : [
        {
          "entity" : "intent",
          "value" : "\"fetchDeliveryInfo\""
        }
      ]
    },
    {
      "text" : "I want this equipment delivered in 2 weeks after approval",
      "entities" : [
        {
          "entity" : "intent",
          "value" : "\"fetchDeliveryStatus\""
        },
        {
          "entity" : "duration",
          "value" : "\"2 weeks\"",
          "start" : 35,
          "end" : 42
        }
      ]
    },
    {
      "text" : "I want this equipment delivered in 3 weeks",
      "entities" : [
        {
          "entity" : "intent",
          "value" : "\"fetchDeliveryStatus\""
        },
        {
          "entity" : "duration",
          "value" : "\"3 weeks\"",
          "start" : 35,
          "end" : 42
        }
      ]
    },
    {
      "text" : "I want this equipment delivered in three weeks",
      "entities" : [
        {
          "entity" : "intent",
          "value" : "\"fetchDeliveryInfo\""
        },
        {
          "entity" : "duration",
          "value" : "3",
          "start" : 35,
          "end" : 46
        }
      ]
    },
    {
      "text" : "I want this equipment delivered in two weeks",
      "entities" : [
        {
          "entity" : "intent",
          "value" : "\"fetchDeliveryInfo\""
        },
        {
          "entity" : "duration",
          "value" : "2",
          "start" : 35,
          "end" : 44
        }
      ]
    },
    {
      "text" : "I want this in two weeks after approval",
      "entities" : [
        {
          "entity" : "intent",
          "value" : "\"fetchDeliveryInfo\""
        },
        {
          "entity" : "duration",
          "value" : "2",
          "start" : 15,
          "end" : 24
        }
      ]
    },
    {
      "text" : "I want this order delivered",
      "entities" : [
        {
          "entity" : "intent",
          "value" : "\"fetchDeliveryInfo\""
        }
      ]
    },
    {
      "text" : "Oh shoot, can you suggest some alternatives ?",
      "entities" : [
        {
          "entity" : "intent",
          "value" : "\"fetchAlternate\""
        }
      ]
    },
    {
      "text" : "Suggest me some alternatives",
      "entities" : [
        {
          "entity" : "intent",
          "value" : "\"fetchAlternate\""
        }
      ]
    },
    {
      "text" : "Supplier Information Microsoft",
      "entities" : [
        {
          "entity" : "request_target",
          "value" : "\"Supplier\"",
          "start" : 0,
          "end" : 8
        },
        {
          "entity" : "request_target_name",
          "value" : "\"Microsoft\"",
          "start" : 21,
          "end" : 30
        }
      ]
    },
    {
      "text" : "Yes, 2 weeks may be",
      "entities" : [
        {
          "entity" : "yes_no",
          "value" : "\"yes\"",
          "start" : 0,
          "end" : 3
        },
        {
          "entity" : "duration",
          "value" : "2",
          "start" : 5,
          "end" : 12
        }
      ]
    },
    {
      "text" : "asset cost of $5000 work ?",
      "entities" : [
        {
          "entity" : "intent",
          "value" : "\"fetchBudgetInfo\""
        },
        {
          "entity" : "amount_of_money",
          "value" : "5000",
          "start" : 14,
          "end" : 19
        }
      ]
    },
    {
      "text" : "buyer",
      "entities" : [
        {
          "entity" : "request_target",
          "value" : "\"buyer\"",
          "start" : 0,
          "end" : 5
        }
      ]
    },
    {
      "text" : "buyer information ariba",
      "entities" : [
        {
          "entity" : "request_target",
          "value" : "\"buyer\"",
          "start" : 0,
          "end" : 5
        },
        {
          "entity" : "request_target_name",
          "value" : "\"ariba\"",
          "start" : 18,
          "end" : 23
        }
      ]
    },
    {
      "text" : "can I get my order delivered",
      "entities" : [
        {
          "entity" : "intent",
          "value" : "\"fetchDeliveryInfo\""
        }
      ]
    },
    {
      "text" : "can I get my order delivered ?",
      "entities" : [
        {
          "entity" : "intent",
          "value" : "\"fetchDeliveryInfo\""
        }
      ]
    },
    {
      "text" : "can I get my order delivered within 2 weeks ?",
      "entities" : [
        {
          "entity" : "intent",
          "value" : "\"fetchDeliveryInfo\""
        },
        {
          "entity" : "duration",
          "value" : "2",
          "start" : 36,
          "end" : 43
        }
      ]
    },
    {
      "text" : "can I get my order delivered within 4 weeks ?",
      "entities" : [
        {
          "entity" : "intent",
          "value" : "\"fetchDeliveryInfo\""
        },
        {
          "entity" : "duration",
          "value" : "4",
          "start" : 36,
          "end" : 43
        }
      ]
    },
    {
      "text" : "can I get the order delivered in 2 weeks",
      "entities" : [
        {
          "entity" : "intent",
          "value" : "\"fetchDeliveryInfo\""
        },
        {
          "entity" : "duration",
          "value" : "2",
          "start" : 33,
          "end" : 40
        }
      ]
    },
    {
      "text" : "can I get the order delivered in 2 weeks ?",
      "entities" : [
        {
          "entity" : "intent",
          "value" : "\"fetchDeliveryInfo\""
        },
        {
          "entity" : "duration",
          "value" : "2",
          "start" : 33,
          "end" : 40
        }
      ]
    },
    {
      "text" : "can I get the order soon ?",
      "entities" : [
        {
          "entity" : "intent",
          "value" : "\"fetchDeliveryInfo\""
        }
      ]
    },
    {
      "text" : "can I get the product in 2 weeks ?",
      "entities" : [
        {
          "entity" : "intent",
          "value" : "\"fetchDeliveryInfo\""
        },
        {
          "entity" : "duration",
          "value" : "2",
          "start" : 25,
          "end" : 32
        }
      ]
    },
    {
      "text" : "can I get this order delivered ?",
      "entities" : [
        {
          "entity" : "intent",
          "value" : "\"fetchDeliveryInfo\""
        }
      ]
    },
    {
      "text" : "can an estimated asset cost of $50000 work ?",
      "entities" : [
        {
          "entity" : "intent",
          "value" : "\"fetchBudgetInfo\""
        },
        {
          "entity" : "amount_of_money",
          "value" : "50000",
          "start" : 31,
          "end" : 37
        }
      ]
    },
    {
      "text" : "can i get delivery in 2 weeks",
      "entities" : [
        {
          "entity" : "intent",
          "value" : "\"fetchDeliveryInfo\""
        },
        {
          "entity" : "duration",
          "value" : "2",
          "start" : 22,
          "end" : 29
        }
      ]
    },
    {
      "text" : "can i get it soon ?",
      "entities" : [
        {
          "entity" : "intent",
          "value" : "\"fetchDeliveryInfo\""
        }
      ]
    },
    {
      "text" : "can i get my asset soon",
      "entities" : [
        {
          "entity" : "intent",
          "value" : "\"fetchDeliveryInfo\""
        }
      ]
    },
    {
      "text" : "can i get my equipment delivered",
      "entities" : [
        {
          "entity" : "intent",
          "value" : "\"fetchDeliveryInfo\""
        }
      ]
    },
    {
      "text" : "can i get my equipment delivered ?",
      "entities" : [
        {
          "entity" : "intent",
          "value" : "\"fetchDeliveryInfo\""
        }
      ]
    },
    {
      "text" : "can i get my equipment delivered in 2 weeks",
      "entities" : [
        {
          "entity" : "intent",
          "value" : "\"fetchDeliveryInfo\""
        },
        {
          "entity" : "duration",
          "value" : "2",
          "start" : 36,
          "end" : 43
        }
      ]
    },
    {
      "text" : "can i get my order ?",
      "entities" : [
        {
          "entity" : "intent",
          "value" : "\"fetchDeliveryInfo\""
        }
      ]
    },
    {
      "text" : "can i get my order delivered",
      "entities" : [
        {
          "entity" : "intent",
          "value" : "\"fetchDeliveryInfo\""
        }
      ]
    },
    {
      "text" : "can i get my order delivered ?",
      "entities" : [
        {
          "entity" : "intent",
          "value" : "\"fetchDeliveryInfo\""
        }
      ]
    },
    {
      "text" : "can i get my order delivered in 2 weeks ?",
      "entities" : [
        {
          "entity" : "intent",
          "value" : "\"fetchDeliveryInfo\""
        },
        {
          "entity" : "duration",
          "value" : "2",
          "start" : 32,
          "end" : 39
        }
      ]
    },
    {
      "text" : "can i get my order delivered soon ?",
      "entities" : [
        {
          "entity" : "intent",
          "value" : "\"fetchDeliveryInfo\""
        }
      ]
    },
    {
      "text" : "can i get my order soon ?",
      "entities" : [
        {
          "entity" : "intent",
          "value" : "\"fetchDeliveryInfo\""
        }
      ]
    },
    {
      "text" : "can i get order delivered in 2 weeks ",
      "entities" : [
        {
          "entity" : "intent",
          "value" : "\"fetchDeliveryInfo\""
        },
        {
          "entity" : "duration",
          "value" : "2",
          "start" : 29,
          "end" : 36
        }
      ]
    },
    {
      "text" : "can i get the equipment 2 weeks",
      "entities" : [
        {
          "entity" : "intent",
          "value" : "\"fetchDeliveryInfo\""
        },
        {
          "entity" : "duration",
          "value" : "2",
          "start" : 24,
          "end" : 31
        }
      ]
    },
    {
      "text" : "can i get the equipment ?",
      "entities" : [
        {
          "entity" : "intent",
          "value" : "\"fetchDeliveryInfo\""
        }
      ]
    },
    {
      "text" : "can i get the equipment delivered ?",
      "entities" : [
        {
          "entity" : "intent",
          "value" : "\"fetchDeliveryInfo\""
        }
      ]
    },
    {
      "text" : "can i get the equipment soon ?",
      "entities" : [
        {
          "entity" : "intent",
          "value" : "\"fetchDeliveryInfo\""
        }
      ]
    },
    {
      "text" : "can i get the order",
      "entities" : [
        {
          "entity" : "intent",
          "value" : "\"fetchDeliveryInfo\""
        }
      ]
    },
    {
      "text" : "can i get the order delivered ?",
      "entities" : [
        {
          "entity" : "intent",
          "value" : "\"fetchDeliveryInfo\""
        }
      ]
    },
    {
      "text" : "can i get the order delivered in 2 weeks",
      "entities" : [
        {
          "entity" : "intent",
          "value" : "\"fetchDeliveryInfo\""
        },
        {
          "entity" : "duration",
          "value" : "2",
          "start" : 33,
          "end" : 40
        }
      ]
    },
    {
      "text" : "can i get the order delivered in 2 weeks ?",
      "entities" : [
        {
          "entity" : "intent",
          "value" : "\"fetchDeliveryInfo\""
        },
        {
          "entity" : "duration",
          "value" : "2",
          "start" : 33,
          "end" : 40
        }
      ]
    },
    {
      "text" : "can i get the order delivered in two weeks ?",
      "entities" : [
        {
          "entity" : "intent",
          "value" : "\"fetchDeliveryInfo\""
        },
        {
          "entity" : "duration",
          "value" : "2",
          "start" : 33,
          "end" : 42
        }
      ]
    },
    {
      "text" : "can i get the order delivered soon ?",
      "entities" : [
        {
          "entity" : "intent",
          "value" : "\"fetchDeliveryInfo\""
        }
      ]
    },
    {
      "text" : "can i get the order in 2 weeks",
      "entities" : [
        {
          "entity" : "intent",
          "value" : "\"fetchDeliveryInfo\""
        },
        {
          "entity" : "duration",
          "value" : "2",
          "start" : 23,
          "end" : 30
        }
      ]
    },
    {
      "text" : "can i get the order in 2 weeks ?",
      "entities" : [
        {
          "entity" : "intent",
          "value" : "\"fetchDeliveryInfo\""
        },
        {
          "entity" : "duration",
          "value" : "2",
          "start" : 23,
          "end" : 30
        }
      ]
    },
    {
      "text" : "can i get the order in two weeks ?",
      "entities" : [
        {
          "entity" : "intent",
          "value" : "\"fetchDeliveryInfo\""
        },
        {
          "entity" : "duration",
          "value" : "2",
          "start" : 23,
          "end" : 32
        }
      ]
    },
    {
      "text" : "can i get the order soon ",
      "entities" : [
        {
          "entity" : "intent",
          "value" : "\"fetchDeliveryInfo\""
        }
      ]
    },
    {
      "text" : "can i get the order soon ?",
      "entities" : [
        {
          "entity" : "intent",
          "value" : "\"fetchDeliveryInfo\""
        }
      ]
    },
    {
      "text" : "can i get this equipment delivered ?",
      "entities" : [
        {
          "entity" : "intent",
          "value" : "\"fetchDeliveryInfo\""
        }
      ]
    },
    {
      "text" : "can i get this order delivered ?",
      "entities" : [
        {
          "entity" : "intent",
          "value" : "\"fetchDeliveryInfo\""
        }
      ]
    },
    {
      "text" : "can we get delivery in 2 weeks ?",
      "entities" : [
        {
          "entity" : "intent",
          "value" : "\"fetchDeliveryInfo\""
        },
        {
          "entity" : "duration",
          "value" : "2",
          "start" : 23,
          "end" : 30
        }
      ]
    },
    {
      "text" : "can you suggest me alternate suppliers ?",
      "entities" : [
        {
          "entity" : "intent",
          "value" : "\"fetchAlternate\""
        },
        {
          "entity" : "request_target",
          "value" : "\"supplier\"",
          "start" : 29,
          "end" : 37
        }
      ]
    },
    {
      "text" : "comply",
      "entities" : [
        {
          "entity" : "comply",
          "value" : "\"comply\"",
          "start" : 0,
          "end" : 6
        }
      ]
    },
    {
      "text" : "could you provide me with alternate buyers ?",
      "entities" : [
        {
          "entity" : "intent",
          "value" : "\"fetchAlternate\""
        },
        {
          "entity" : "request_target",
          "value" : "\"buyer\"",
          "start" : 36,
          "end" : 41
        }
      ]
    },
    {
      "text" : "could you provide me with alternate suppliers ?",
      "entities" : [
        {
          "entity" : "intent",
          "value" : "\"fetchAlternate\""
        },
        {
          "entity" : "request_target",
          "value" : "\"supplier\"",
          "start" : 36,
          "end" : 44
        }
      ]
    },
    {
      "text" : "could you show me other suppliers ?",
      "entities" : [
        {
          "entity" : "intent",
          "value" : "\"fetchAlternate\""
        },
        {
          "entity" : "request_target",
          "value" : "\"supplier\"",
          "start" : 24,
          "end" : 32
        }
      ]
    },
    {
      "text" : "could you suggest me alternate suppliers ?",
      "entities" : [
        {
          "entity" : "intent",
          "value" : "\"fetchAlternate\""
        },
        {
          "entity" : "request_target",
          "value" : "\"supplier\"",
          "start" : 31,
          "end" : 39
        }
      ]
    },
    {
      "text" : "could you suggest me alternate suppliers ? please make comply with current policies.",
      "entities" : [
        {
          "entity" : "intent",
          "value" : "\"fetchAlternate\""
        },
        {
          "entity" : "request_target",
          "value" : "\"supplier\"",
          "start" : 31,
          "end" : 39
        }
      ]
    },
    {
      "text" : "could you suggest me alternate suppliers, please make comply with current policies.",
      "entities" : [
        {
          "entity" : "intent",
          "value" : "\"fetchAlternate\""
        },
        {
          "entity" : "request_target",
          "value" : "\"supplier\"",
          "start" : 31,
          "end" : 39
        }
      ]
    },
    {
      "text" : "could you suggest me alternate suppliers, please make comply with current policies. ",
      "entities" : [
        {
          "entity" : "intent",
          "value" : "\"fetchAlternate\""
        },
        {
          "entity" : "request_target",
          "value" : "\"supplier\"",
          "start" : 31,
          "end" : 39
        },
        {
          "entity" : "comply",
          "value" : "\"comply\"",
          "start" : 54,
          "end" : 60
        }
      ]
    },
    {
      "text" : "could you suggest me alternative suppliers ?",
      "entities" : [
        {
          "entity" : "intent",
          "value" : "\"fetchAlternate\""
        },
        {
          "entity" : "request_target",
          "value" : "\"supplier\"",
          "start" : 33,
          "end" : 41
        }
      ]
    },
    {
      "text" : "could you suggest me alternatives ?",
      "entities" : [
        {
          "entity" : "intent",
          "value" : "\"fetchAlternate\""
        }
      ]
    },
    {
      "text" : "do supplier deliver in 2 weeks ?",
      "entities" : [
        {
          "entity" : "intent",
          "value" : "\"fetchDeliveryInfo\""
        },
        {
          "entity" : "request_target",
          "value" : "\"supplier\"",
          "start" : 3,
          "end" : 11
        },
        {
          "entity" : "duration",
          "value" : "2",
          "start" : 23,
          "end" : 30
        }
      ]
    },
    {
      "text" : "does an asset cost of $50 work ?",
      "entities" : [
        {
          "entity" : "intent",
          "value" : "\"fetchBudgetInfo\""
        },
        {
          "entity" : "amount_of_money",
          "value" : "50",
          "start" : 22,
          "end" : 25
        }
      ]
    },
    {
      "text" : "does an estimated asset cost of $1000000 work?",
      "entities" : [
        {
          "entity" : "intent",
          "value" : "\"fetchBudgetInfo\""
        },
        {
          "entity" : "amount_of_money",
          "value" : "1000000",
          "start" : 32,
          "end" : 40
        }
      ]
    },
    {
      "text" : "does an estimated asset cost of $112323 work ?",
      "entities" : [
        {
          "entity" : "intent",
          "value" : "\"fetchBudgetInfo\""
        },
        {
          "entity" : "amount_of_money",
          "value" : "112323",
          "start" : 32,
          "end" : 39
        }
      ]
    },
    {
      "text" : "does an estimated asset cost of $12323131 work ?",
      "entities" : [
        {
          "entity" : "intent",
          "value" : "\"fetchBudgetInfo\""
        },
        {
          "entity" : "amount_of_money",
          "value" : "12323131",
          "start" : 32,
          "end" : 41
        }
      ]
    },
    {
      "text" : "does an estimated asset cost of $35000 work ?",
      "entities" : [
        {
          "entity" : "intent",
          "value" : "\"fetchBudgetInfo\""
        },
        {
          "entity" : "amount_of_money",
          "value" : "35000",
          "start" : 32,
          "end" : 38
        }
      ]
    },
    {
      "text" : "does an estimated asset cost of $40 work ?",
      "entities" : [
        {
          "entity" : "intent",
          "value" : "\"fetchBudgetInfo\""
        },
        {
          "entity" : "amount_of_money",
          "value" : "40",
          "start" : 32,
          "end" : 35
        }
      ]
    },
    {
      "text" : "does an estimated asset cost of $5000 work ?",
      "entities" : [
        {
          "entity" : "intent",
          "value" : "\"fetchBudgetInfo\""
        },
        {
          "entity" : "amount_of_money",
          "value" : "5000",
          "start" : 32,
          "end" : 37
        }
      ]
    },
    {
      "text" : "does an estimated asset cost of $50000 work ?",
      "entities" : [
        {
          "entity" : "intent",
          "value" : "\"fetchBudgetInfo\""
        },
        {
          "entity" : "amount_of_money",
          "value" : "50000",
          "start" : 32,
          "end" : 38
        }
      ]
    },
    {
      "text" : "does an estimated asset cost of $60000 work",
      "entities" : [
        {
          "entity" : "intent",
          "value" : "\"fetchBudgetInfo\""
        },
        {
          "entity" : "amount_of_money",
          "value" : "60000",
          "start" : 32,
          "end" : 38
        }
      ]
    },
    {
      "text" : "does an estimated asset cost of50000work?",
      "entities" : [
        {
          "entity" : "intent",
          "value" : "\"fetchBudgetInfo\""
        },
        {
          "entity" : "number",
          "value" : "50000",
          "start" : 31,
          "end" : 36
        }
      ]
    },
    {
      "text" : "estimated asset price of $5000 work ?",
      "entities" : [
        {
          "entity" : "intent",
          "value" : "\"fetchBudgetInfo\""
        },
        {
          "entity" : "amount_of_money",
          "value" : "5000",
          "start" : 25,
          "end" : 30
        }
      ]
    },
    {
      "text" : "estimated budget cost is $5000",
      "entities" : [
        {
          "entity" : "intent",
          "value" : "\"fetchBudgetInfo\""
        },
        {
          "entity" : "amount_of_money",
          "value" : "5000",
          "start" : 25,
          "end" : 30
        }
      ]
    },
    {
      "text" : "fetch alternate suppliers ?",
      "entities" : [
        {
          "entity" : "intent",
          "value" : "\"fetchAlternate\""
        },
        {
          "entity" : "request_target",
          "value" : "\"supplier\"",
          "start" : 16,
          "end" : 24
        }
      ]
    },
    {
      "text" : "fetch amazon supplier's information",
      "entities" : [
        {
          "entity" : "intent",
          "value" : "\"fetchInfo\""
        },
        {
          "entity" : "request_target_name",
          "value" : "\"amazon\"",
          "start" : 6,
          "end" : 12
        },
        {
          "entity" : "request_target",
          "value" : "\"supplier\"",
          "start" : 13,
          "end" : 21
        }
      ]
    },
    {
      "text" : "fetch information supplier SJ-Petrol-Machi",
      "entities" : [
        {
          "entity" : "intent",
          "value" : "\"fetchInfo\""
        },
        {
          "entity" : "request_target",
          "value" : "\"supplier\"",
          "start" : 18,
          "end" : 26
        },
        {
          "entity" : "request_target_name",
          "value" : "\"SJ-Petrol-Machi\"",
          "start" : 27,
          "end" : 42
        }
      ]
    },
    {
      "text" : "fetch suppiler information ariba",
      "entities" : [
        {
          "entity" : "intent",
          "value" : "\"fetchInfo\""
        },
        {
          "entity" : "request_target",
          "value" : "\"suppiler\"",
          "start" : 6,
          "end" : 14
        },
        {
          "entity" : "request_target_name",
          "value" : "\"ariba\"",
          "start" : 27,
          "end" : 32
        }
      ]
    },
    {
      "text" : "fetch supplier amazon information",
      "entities" : [
        {
          "entity" : "intent",
          "value" : "\"fetchInfo\""
        },
        {
          "entity" : "request_target",
          "value" : "\"supplier\"",
          "start" : 6,
          "end" : 14
        },
        {
          "entity" : "request_target_name",
          "value" : "\"amazon\"",
          "start" : 15,
          "end" : 21
        }
      ]
    },
    {
      "text" : "fetch supplier amazon's information",
      "entities" : [
        {
          "entity" : "intent",
          "value" : "\"fetchInfo\""
        },
        {
          "entity" : "request_target",
          "value" : "\"supplier\"",
          "start" : 6,
          "end" : 14
        },
        {
          "entity" : "request_target_name",
          "value" : "\"amazon\"",
          "start" : 15,
          "end" : 21
        }
      ]
    },
    {
      "text" : "fetch supplier information Amazon",
      "entities" : [
        {
          "entity" : "intent",
          "value" : "\"fetchInfo\""
        },
        {
          "entity" : "request_target",
          "value" : "\"supplier\"",
          "start" : 6,
          "end" : 14
        },
        {
          "entity" : "request_target_name",
          "value" : "\"amazon\"",
          "start" : 27,
          "end" : 33
        }
      ]
    },
    {
      "text" : "fetch supplier information Blake-International-Rigs",
      "entities" : [
        {
          "entity" : "intent",
          "value" : "\"fetchInfo\""
        },
        {
          "entity" : "request_target",
          "value" : "\"supplier\"",
          "start" : 6,
          "end" : 14
        },
        {
          "entity" : "request_target_name",
          "value" : "\"Blake-International-Rigs\"",
          "start" : 27,
          "end" : 51
        }
      ]
    },
    {
      "text" : "fetch supplier information Caterpillar",
      "entities" : [
        {
          "entity" : "intent",
          "value" : "\"fetchInfo\""
        },
        {
          "entity" : "request_target",
          "value" : "\"supplier\"",
          "start" : 6,
          "end" : 14
        },
        {
          "entity" : "request_target_name",
          "value" : "\"Caterpillar\"",
          "start" : 27,
          "end" : 38
        }
      ]
    },
    {
      "text" : "fetch supplier information Google",
      "entities" : [
        {
          "entity" : "intent",
          "value" : "\"fetchInfo\""
        },
        {
          "entity" : "request_target",
          "value" : "\"supplier\"",
          "start" : 6,
          "end" : 14
        },
        {
          "entity" : "request_target_name",
          "value" : "\"Google\"",
          "start" : 27,
          "end" : 33
        }
      ]
    },
    {
      "text" : "fetch supplier information Microsoft",
      "entities" : [
        {
          "entity" : "intent",
          "value" : "\"fetchInfo\""
        },
        {
          "entity" : "request_target",
          "value" : "\"supplier\"",
          "start" : 6,
          "end" : 14
        },
        {
          "entity" : "request_target_name",
          "value" : "\"Microsoft\"",
          "start" : 27,
          "end" : 36
        }
      ]
    },
    {
      "text" : "fetch supplier information Pacific-Drilling",
      "entities" : [
        {
          "entity" : "intent",
          "value" : "\"fetchInfo\""
        },
        {
          "entity" : "request_target",
          "value" : "\"supplier\"",
          "start" : 6,
          "end" : 14
        },
        {
          "entity" : "request_target_name",
          "value" : "\"Pacific-Drilling\"",
          "start" : 27,
          "end" : 43
        }
      ]
    },
    {
      "text" : "fetch supplier information SJ Petroleum Machinery",
      "entities" : [
        {
          "entity" : "intent",
          "value" : "\"fetchInfo\""
        },
        {
          "entity" : "request_target",
          "value" : "\"supplier\"",
          "start" : 6,
          "end" : 14
        },
        {
          "entity" : "request_target_name",
          "value" : "\"SJ Petroleum Machinery\"",
          "start" : 27,
          "end" : 49
        }
      ]
    },
    {
      "text" : "fetch supplier information SJ-Petroleum-Machinery",
      "entities" : [
        {
          "entity" : "intent",
          "value" : "\"fetchInfo\""
        },
        {
          "entity" : "request_target",
          "value" : "\"supplier\"",
          "start" : 6,
          "end" : 14
        },
        {
          "entity" : "request_target_name",
          "value" : "\"SJ-Petroleum-Machinery\"",
          "start" : 27,
          "end" : 49
        }
      ]
    },
    {
      "text" : "fetch supplier information Schlumberger",
      "entities" : [
        {
          "entity" : "intent",
          "value" : "\"fetchInfo\""
        },
        {
          "entity" : "request_target",
          "value" : "\"supplier\"",
          "start" : 6,
          "end" : 14
        },
        {
          "entity" : "request_target_name",
          "value" : "\"schlumberger\"",
          "start" : 27,
          "end" : 39
        }
      ]
    },
    {
      "text" : "fetch supplier information amazon",
      "entities" : [
        {
          "entity" : "intent",
          "value" : "\"fetchInfo\""
        },
        {
          "entity" : "request_target",
          "value" : "\"supplier\"",
          "start" : 6,
          "end" : 14
        },
        {
          "entity" : "request_target_name",
          "value" : "\"amazon\"",
          "start" : 27,
          "end" : 33
        }
      ]
    },
    {
      "text" : "fetch supplier information ariba",
      "entities" : [
        {
          "entity" : "intent",
          "value" : "\"fetchInfo\""
        },
        {
          "entity" : "request_target",
          "value" : "\"supplier\"",
          "start" : 6,
          "end" : 14
        },
        {
          "entity" : "request_target_name",
          "value" : "\"ariba\"",
          "start" : 27,
          "end" : 32
        }
      ]
    },
    {
      "text" : "fetch supplier information expedia",
      "entities" : [
        {
          "entity" : "intent",
          "value" : "\"fetchInfo\""
        },
        {
          "entity" : "request_target",
          "value" : "\"supplier\"",
          "start" : 6,
          "end" : 14
        },
        {
          "entity" : "request_target_name",
          "value" : "\"expedia\"",
          "start" : 27,
          "end" : 34
        }
      ]
    },
    {
      "text" : "fetch supplier information facebook",
      "entities" : [
        {
          "entity" : "intent",
          "value" : "\"fetchInfo\""
        },
        {
          "entity" : "request_target",
          "value" : "\"supplier\"",
          "start" : 6,
          "end" : 14
        },
        {
          "entity" : "request_target_name",
          "value" : "\"facebook\"",
          "start" : 27,
          "end" : 35
        }
      ]
    },
    {
      "text" : "fetch supplier information google",
      "entities" : [
        {
          "entity" : "intent",
          "value" : "\"fetchInfo\""
        },
        {
          "entity" : "request_target",
          "value" : "\"supplier\"",
          "start" : 6,
          "end" : 14
        },
        {
          "entity" : "request_target_name",
          "value" : "\"Google\"",
          "start" : 27,
          "end" : 33
        }
      ]
    },
    {
      "text" : "fetch supplier information microsoft",
      "entities" : [
        {
          "entity" : "intent",
          "value" : "\"fetchInfo\""
        },
        {
          "entity" : "request_target",
          "value" : "\"supplier\"",
          "start" : 6,
          "end" : 14
        },
        {
          "entity" : "request_target_name",
          "value" : "\"Microsoft\"",
          "start" : 27,
          "end" : 36
        }
      ]
    },
    {
      "text" : "fetch supplier information schlumberger",
      "entities" : [
        {
          "entity" : "intent",
          "value" : "\"fetchInfo\""
        },
        {
          "entity" : "request_target",
          "value" : "\"supplier\"",
          "start" : 6,
          "end" : 14
        },
        {
          "entity" : "request_target_name",
          "value" : "\"schlumberger\"",
          "start" : 27,
          "end" : 39
        }
      ]
    },
    {
      "text" : "fetch supplier microsoft information",
      "entities" : [
        {
          "entity" : "intent",
          "value" : "\"fetchInfo\""
        },
        {
          "entity" : "request_target",
          "value" : "\"supplier\"",
          "start" : 6,
          "end" : 14
        },
        {
          "entity" : "request_target_name",
          "value" : "\"Microsoft\"",
          "start" : 15,
          "end" : 24
        }
      ]
    },
    {
      "text" : "fetch supplier zoho's information",
      "entities" : [
        {
          "entity" : "intent",
          "value" : "\"fetchInfo\""
        },
        {
          "entity" : "request_target",
          "value" : "\"supplier\"",
          "start" : 6,
          "end" : 14
        },
        {
          "entity" : "request_target_name",
          "value" : "\"zoho\"",
          "start" : 15,
          "end" : 19
        }
      ]
    },
    {
      "text" : "get buyer amazon's information",
      "entities" : [
        {
          "entity" : "intent",
          "value" : "\"fetchInfo\""
        },
        {
          "entity" : "request_target",
          "value" : "\"buyer\"",
          "start" : 4,
          "end" : 9
        },
        {
          "entity" : "request_target_name",
          "value" : "\"amazon\"",
          "start" : 10,
          "end" : 16
        }
      ]
    },
    {
      "text" : "get buyer google's information",
      "entities" : [
        {
          "entity" : "intent",
          "value" : "\"fetchInfo\""
        },
        {
          "entity" : "request_target",
          "value" : "\"buyer\"",
          "start" : 4,
          "end" : 9
        },
        {
          "entity" : "request_target_name",
          "value" : "\"Google\"",
          "start" : 10,
          "end" : 16
        }
      ]
    },
    {
      "text" : "get supplier google information",
      "entities" : [
        {
          "entity" : "intent",
          "value" : "\"fetchInfo\""
        },
        {
          "entity" : "request_target",
          "value" : "\"supplier\"",
          "start" : 4,
          "end" : 12
        },
        {
          "entity" : "request_target_name",
          "value" : "\"Google\"",
          "start" : 13,
          "end" : 19
        }
      ]
    },
    {
      "text" : "get supplier google's information",
      "entities" : [
        {
          "entity" : "intent",
          "value" : "\"fetchInfo\""
        },
        {
          "entity" : "request_target",
          "value" : "\"supplier\"",
          "start" : 4,
          "end" : 12
        },
        {
          "entity" : "request_target_name",
          "value" : "\"Google\"",
          "start" : 13,
          "end" : 19
        }
      ]
    },
    {
      "text" : "get supplier information expedia",
      "entities" : [
        {
          "entity" : "intent",
          "value" : "\"fetchInfo\""
        },
        {
          "entity" : "request_target",
          "value" : "\"supplier\"",
          "start" : 4,
          "end" : 12
        },
        {
          "entity" : "request_target_name",
          "value" : "\"expedia\"",
          "start" : 25,
          "end" : 32
        }
      ]
    },
    {
      "text" : "get supplier information thoughtworks",
      "entities" : [
        {
          "entity" : "intent",
          "value" : "\"fetchInfo\""
        },
        {
          "entity" : "request_target",
          "value" : "\"supplier\"",
          "start" : 4,
          "end" : 12
        },
        {
          "entity" : "request_target_name",
          "value" : "\"thoughtworks\"",
          "start" : 25,
          "end" : 37
        }
      ]
    },
    {
      "text" : "i need my equipments soon",
      "entities" : [
        {
          "entity" : "intent",
          "value" : "\"fetchDeliveryInfo\""
        }
      ]
    },
    {
      "text" : "i need my order early",
      "entities" : [
        {
          "entity" : "intent",
          "value" : "\"fetchDeliveryInfo\""
        }
      ]
    },
    {
      "text" : "i need my order in 2 weeks",
      "entities" : [
        {
          "entity" : "intent",
          "value" : "\"fetchDeliveryInfo\""
        },
        {
          "entity" : "duration",
          "value" : "2",
          "start" : 19,
          "end" : 26
        }
      ]
    },
    {
      "text" : "i need the equipment delivered in 3 days",
      "entities" : [
        {
          "entity" : "intent",
          "value" : "\"fetchDeliveryInfo\""
        },
        {
          "entity" : "duration",
          "value" : "3",
          "start" : 34,
          "end" : 40
        }
      ]
    },
    {
      "text" : "i need the equipments soon",
      "entities" : [
        {
          "entity" : "intent",
          "value" : "\"fetchDeliveryInfo\""
        }
      ]
    },
    {
      "text" : "i need the order delivered",
      "entities" : [
        {
          "entity" : "intent",
          "value" : "\"fetchDeliveryInfo\""
        }
      ]
    },
    {
      "text" : "i need the order delivered in 2 weeks",
      "entities" : [
        {
          "entity" : "intent",
          "value" : "\"fetchDeliveryInfo\""
        },
        {
          "entity" : "duration",
          "value" : "2",
          "start" : 30,
          "end" : 37
        }
      ]
    },
    {
      "text" : "i need the order delivered in two weeks",
      "entities" : [
        {
          "entity" : "intent",
          "value" : "\"fetchDeliveryInfo\""
        },
        {
          "entity" : "duration",
          "value" : "2",
          "start" : 30,
          "end" : 39
        }
      ]
    },
    {
      "text" : "i need the order in 4 weeks",
      "entities" : [
        {
          "entity" : "intent",
          "value" : "\"fetchDeliveryInfo\""
        },
        {
          "entity" : "duration",
          "value" : "4",
          "start" : 20,
          "end" : 27
        }
      ]
    },
    {
      "text" : "i need the order soon",
      "entities" : [
        {
          "entity" : "intent",
          "value" : "\"fetchDeliveryInfo\""
        }
      ]
    },
    {
      "text" : "i need this equipment delivered in 4 weeks",
      "entities" : [
        {
          "entity" : "intent",
          "value" : "\"fetchDeliveryInfo\""
        },
        {
          "entity" : "duration",
          "value" : "4",
          "start" : 35,
          "end" : 42
        }
      ]
    },
    {
      "text" : "i want my order delivered ",
      "entities" : [
        {
          "entity" : "intent",
          "value" : "\"fetchDeliveryInfo\""
        }
      ]
    },
    {
      "text" : "i want the order delivered in 2 weeks",
      "entities" : [
        {
          "entity" : "intent",
          "value" : "\"fetchDeliveryInfo\""
        },
        {
          "entity" : "duration",
          "value" : "2",
          "start" : 30,
          "end" : 37
        }
      ]
    },
    {
      "text" : "in 2 weeks",
      "entities" : [
        {
          "entity" : "duration",
          "value" : "2",
          "start" : 3,
          "end" : 10
        }
      ]
    },
    {
      "text" : "in 2 weeks ?",
      "entities" : [
        {
          "entity" : "duration",
          "value" : "2",
          "start" : 3,
          "end" : 10
        }
      ]
    },
    {
      "text" : "in 4 weeks",
      "entities" : [
        {
          "entity" : "duration",
          "value" : "4",
          "start" : 3,
          "end" : 10
        }
      ]
    },
    {
      "text" : "like in 2 weeks",
      "entities" : [
        {
          "entity" : "duration",
          "value" : "2",
          "start" : 8,
          "end" : 15
        }
      ]
    },
    {
      "text" : "like in 4 weeks",
      "entities" : [
        {
          "entity" : "duration",
          "value" : "4",
          "start" : 8,
          "end" : 15
        }
      ]
    },
    {
      "text" : "need my delivery in 2 weeks",
      "entities" : [
        {
          "entity" : "intent",
          "value" : "\"fetchDeliveryInfo\""
        },
        {
          "entity" : "duration",
          "value" : "2",
          "start" : 20,
          "end" : 27
        }
      ]
    },
    {
      "text" : "need my order delivered in 2 weeks",
      "entities" : [
        {
          "entity" : "intent",
          "value" : "\"fetchDeliveryInfo\""
        },
        {
          "entity" : "duration",
          "value" : "2",
          "start" : 27,
          "end" : 34
        }
      ]
    },
    {
      "text" : "need my order in 2 weeks",
      "entities" : [
        {
          "entity" : "intent",
          "value" : "\"fetchDeliveryInfo\""
        },
        {
          "entity" : "duration",
          "value" : "2",
          "start" : 17,
          "end" : 24
        }
      ]
    },
    {
      "text" : "need the equipment delivered in 2 hours",
      "entities" : [
        {
          "entity" : "intent",
          "value" : "\"fetchDeliveryInfo\""
        },
        {
          "entity" : "duration",
          "value" : "2",
          "start" : 32,
          "end" : 39
        }
      ]
    },
    {
      "text" : "need the equipment delivered in 6 days",
      "entities" : [
        {
          "entity" : "intent",
          "value" : "\"fetchDeliveryInfo\""
        },
        {
          "entity" : "duration",
          "value" : "6",
          "start" : 32,
          "end" : 38
        }
      ]
    },
    {
      "text" : "need the equipment in 1 week",
      "entities" : [
        {
          "entity" : "intent",
          "value" : "\"fetchDeliveryInfo\""
        },
        {
          "entity" : "duration",
          "value" : "1",
          "start" : 22,
          "end" : 28
        }
      ]
    },
    {
      "text" : "no",
      "entities" : [
        {
          "entity" : "yes_no",
          "value" : "\"no\"",
          "start" : 0,
          "end" : 2
        }
      ]
    },
    {
      "text" : "show me other options",
      "entities" : [
        {
          "entity" : "intent",
          "value" : "\"fetchAlternate\""
        }
      ]
    },
    {
      "text" : "suggest alternate suppliers",
      "entities" : [
        {
          "entity" : "intent",
          "value" : "\"fetchAlternate\""
        },
        {
          "entity" : "request_target",
          "value" : "\"supplier\"",
          "start" : 18,
          "end" : 26
        }
      ]
    },
    {
      "text" : "suggest me alternate suppliers",
      "entities" : [
        {
          "entity" : "intent",
          "value" : "\"fetchAlternate\""
        },
        {
          "entity" : "request_target",
          "value" : "\"supplier\"",
          "start" : 21,
          "end" : 29
        }
      ]
    },
    {
      "text" : "supplier information Google",
      "entities" : [
        {
          "entity" : "request_target",
          "value" : "\"Supplier\"",
          "start" : 0,
          "end" : 8
        },
        {
          "entity" : "request_target_name",
          "value" : "\"Google\"",
          "start" : 21,
          "end" : 27
        }
      ]
    },
    {
      "text" : "supplier information amazon",
      "entities" : [
        {
          "entity" : "intent",
          "value" : "\"fetchInfo\""
        },
        {
          "entity" : "request_target",
          "value" : "\"supplier\"",
          "start" : 0,
          "end" : 8
        },
        {
          "entity" : "request_target_name",
          "value" : "\"amazon\"",
          "start" : 21,
          "end" : 27
        }
      ]
    },
    {
      "text" : "supplier information ariba",
      "entities" : [
        {
          "entity" : "request_target",
          "value" : "\"supplier\"",
          "start" : 0,
          "end" : 8
        },
        {
          "entity" : "request_target_name",
          "value" : "\"ariba\"",
          "start" : 21,
          "end" : 26
        }
      ]
    },
    {
      "text" : "supplier information google",
      "entities" : [
        {
          "entity" : "intent",
          "value" : "\"fetchInfo\""
        },
        {
          "entity" : "request_target",
          "value" : "\"supplier\"",
          "start" : 0,
          "end" : 8
        },
        {
          "entity" : "request_target_name",
          "value" : "\"Google\"",
          "start" : 21,
          "end" : 27
        }
      ]
    },
    {
      "text" : "supplier information microsoft",
      "entities" : [
        {
          "entity" : "intent",
          "value" : "\"fetchInfo\""
        },
        {
          "entity" : "request_target",
          "value" : "\"supplier\"",
          "start" : 0,
          "end" : 8
        },
        {
          "entity" : "request_target_name",
          "value" : "\"Microsoft\"",
          "start" : 21,
          "end" : 30
        }
      ]
    },
    {
      "text" : "test"
    },
    {
      "text" : "test me"
    },
    {
      "text" : "what are my other options",
      "entities" : [
        {
          "entity" : "intent",
          "value" : "\"fetchAlternate\""
        }
      ]
    },
    {
      "text" : "what are my other options ",
      "entities" : [
        {
          "entity" : "intent",
          "value" : "\"fetchAlternate\""
        }
      ]
    },
    {
      "text" : "what are my other options ?",
      "entities" : [
        {
          "entity" : "intent",
          "value" : "\"fetchAlternate\""
        }
      ]
    },
    {
      "text" : "what r my options",
      "entities" : [
        {
          "entity" : "intent",
          "value" : "\"fetchAlternate\""
        }
      ]
    },
    {
      "text" : "when can i get my order ?",
      "entities" : [
        {
          "entity" : "intent",
          "value" : "\"fetchDeliveryInfo\""
        }
      ]
    },
    {
      "text" : "will i get my equipment soon ?",
      "entities" : [
        {
          "entity" : "intent",
          "value" : "\"fetchDeliveryInfo\""
        }
      ]
    },
    {
      "text" : "will i get my order delivered",
      "entities" : [
        {
          "entity" : "intent",
          "value" : "\"fetchDeliveryInfo\""
        }
      ]
    },
    {
      "text" : "will i get my order soon ?",
      "entities" : [
        {
          "entity" : "intent",
          "value" : "\"fetchDeliveryInfo\""
        }
      ]
    },
    {
      "text" : "yes",
      "entities" : [
        {
          "entity" : "yes_no",
          "value" : "\"yes\"",
          "start" : 0,
          "end" : 3
        }
      ]
    }
  ]
}