{
  "data" : [
    {
      "name" : "",
      "turns" : [
        {
          "user" : "fetch supplier information amazon",
          "entities" : [
            {
              "entity" : "intent",
              "value" : "\"fetchInfo\""
            },
            {
              "entity" : "request_target",
              "value" : "\"supplier\"",
              "start" : 6,
              "end" : 14
            },
            {
              "entity" : "request_target_name",
              "value" : "\"amazon\"",
              "start" : 27,
              "end" : 33
            }
          ],
          "operations" : [
            {
              "action" : "function-fetchInfo"
            },
            {
              "branches" : [
                {
                  "predicates" : [
                    {
                      "name" : "consistency",
                      "negative" : false
                    },
                    {
                      "name" : "rank",
                      "negative" : false
                    }
                  ],
                  "operations" : [
                    {
                      "action" : "template-{request_target_name} is a {rank} {request_target} and has track record of on-time delivery{consistency}"
                    }
                  ],
                  "turns" : [
                    {
                      "user" : "I want this equipment delivered in two weeks",
                      "entities" : [
                        {
                          "entity" : "intent",
                          "value" : "\"fetchDeliveryInfo\""
                        },
                        {
                          "entity" : "duration",
                          "value" : "2",
                          "start" : 35,
                          "end" : 44
                        }
                      ],
                      "operations" : [
                        {
                          "bookmark" : "call-fetchDeliveryInfo"
                        },
                        {
                          "action" : "function-fetchDeliveryInfo"
                        },
                        {
                          "branches" : [
                            {
                              "predicates" : [
                                {
                                  "name" : "shipment_destination",
                                  "negative" : false
                                },
                                {
                                  "name" : "shipment_duration",
                                  "negative" : false
                                },
                                {
                                  "name" : "shipment_source",
                                  "negative" : false
                                }
                              ],
                              "operations" : [
                                {
                                  "action" : "template-This equipment is shipped from {shipment_source} and will normally make it to the plant in {shipment_destination} in {shipment_duration}"
                                }
                              ]
                            },
                            {
                              "predicates" : [
                                {
                                  "name" : "shipment_delay",
                                  "negative" : false
                                },
                                {
                                  "name" : "shipment_delay_reason",
                                  "negative" : false
                                },
                                {
                                  "name" : "shipment_destination",
                                  "negative" : false
                                },
                                {
                                  "name" : "shipment_duration",
                                  "negative" : false
                                },
                                {
                                  "name" : "shipment_source",
                                  "negative" : false
                                }
                              ],
                              "operations" : [
                                {
                                  "action" : "template-This equipment is shipped from {shipment_source} and will normally make it to the plant in {shipment_destination} in {shipment_duration}, However there could be an additional delay of {shipment_delay} due to {shipment_delay_reason}"
                                }
                              ],
                              "turns" : [
                                {
                                  "user" : "could you suggest me alternate suppliers, please make comply with current policies. ",
                                  "entities" : [
                                    {
                                      "entity" : "intent",
                                      "value" : "\"fetchAlternate\""
                                    },
                                    {
                                      "entity" : "request_target",
                                      "value" : "\"supplier\"",
                                      "start" : 31,
                                      "end" : 39
                                    },
                                    {
                                      "entity" : "comply",
                                      "value" : "\"comply\"",
                                      "start" : 54,
                                      "end" : 60
                                    }
                                  ],
                                  "operations" : [
                                    {
                                      "action" : "function-fetchAlternate"
                                    },
                                    {
                                      "branches" : [
                                        {
                                          "predicates" : [
                                            {
                                              "name" : "supplier_alt_1",
                                              "negative" : false
                                            }
                                          ],
                                          "operations" : [
                                            {
                                              "action" : "template-Here are the suggestions for alternate suppliers: {supplier_alt_1}"
                                            }
                                          ]
                                        }
                                      ]
                                    }
                                  ]
                                }
                              ]
                            },
                            {
                              "predicates" : [
                                {
                                  "name" : "missingDuration",
                                  "negative" : false
                                }
                              ],
                              "operations" : [
                                {
                                  "action" : "template-Did you also have a duration in mind ?"
                                }
                              ],
                              "turns" : [
                                {
                                  "user" : "2 weeks",
                                  "entities" : [
                                    {
                                      "entity" : "duration",
                                      "value" : "2",
                                      "start" : 0,
                                      "end" : 7
                                    }
                                  ],
                                  "operations" : [
                                    {
                                      "jump" : "call-fetchDeliveryInfo"
                                    }
                                  ]
                                }
                              ]
                            }
                          ]
                        }
                      ]
                    }
                  ]
                }
              ]
            }
          ]
        }
      ]
    },
    {
      "name" : "",
      "turns" : [
        {
          "user" : "does an estimated asset cost of $50000 work ?",
          "entities" : [
            {
              "entity" : "intent",
              "value" : "\"fetchBudgetInfo\""
            },
            {
              "entity" : "amount_of_money",
              "value" : "50000",
              "start" : 32,
              "end" : 38
            }
          ],
          "operations" : [
            {
              "action" : "function-fetchBudgetInfo"
            },
            {
              "branches" : [
                {
                  "predicates" : [
                    {
                      "name" : "availableBudget",
                      "negative" : false
                    },
                    {
                      "name" : "exceedAmount",
                      "negative" : false
                    },
                    {
                      "name" : "executeBudgetOptions",
                      "negative" : false
                    },
                    {
                      "name" : "fail",
                      "negative" : false
                    }
                  ],
                  "operations" : [
                    {
                      "action" : "template-You have only {availableBudget} left in your budget for this quarter and will exceed your budget by {exceedAmount} if you approve this request.<br><br>You have the following options: <ol><li> Suggest alternate products</li> <li>Ask if this purchase can be moved to next quarter</li><li>Check with finance if this can be approved under different cost center</li></ol>"
                    }
                  ],
                  "turns" : [
                    {
                      "user" : "1",
                      "entities" : [
                        {
                          "entity" : "number",
                          "value" : "1",
                          "start" : 0,
                          "end" : 1
                        }
                      ],
                      "operations" : [
                        {
                          "bookmark" : "call-fetchBudgetOptions"
                        },
                        {
                          "action" : "function-fetchBudgetOptions"
                        },
                        {
                          "branches" : [
                            {
                              "predicates" : [
                                {
                                  "name" : "alternateAsset1",
                                  "negative" : false
                                },
                                {
                                  "name" : "alternateAsset2",
                                  "negative" : false
                                }
                              ],
                              "operations" : [
                                {
                                  "action" : "template-<ol><li>{alternateAsset1}</li><li>{alternateAsset2}</li></ol>"
                                }
                              ]
                            },
                            {
                              "predicates" : [
                                {
                                  "name" : "pushToNextQuarter",
                                  "negative" : false
                                }
                              ],
                              "operations" : [
                                {
                                  "action" : "template-Suggested sam to move the purchase to the next quarter."
                                }
                              ]
                            },
                            {
                              "predicates" : [
                                {
                                  "name" : "checkWithFinance",
                                  "negative" : false
                                }
                              ],
                              "operations" : [
                                {
                                  "action" : "template-Email sent to finnance manager Thomas Wong to find out if alternate cost center can be used."
                                }
                              ]
                            },
                            {
                              "predicates" : [
                                {
                                  "name" : "default",
                                  "negative" : false
                                }
                              ],
                              "operations" : [
                                {
                                  "action" : "template-Sorry, I don't understand that option<br>You have the following options, <ol><li> Suggest alternate options to Sam that will keep it under the budget.</li> <li>Check with Sam if we can push this purchase to the next quarter.</li><li>Check with finance if this can be approved under different cost center.</li></ol>"
                                }
                              ],
                              "turns" : [
                                {
                                  "user" : "1",
                                  "entities" : [
                                    {
                                      "entity" : "number",
                                      "value" : "1",
                                      "start" : 0,
                                      "end" : 1
                                    }
                                  ],
                                  "operations" : [
                                    {
                                      "jump" : "call-fetchBudgetOptions"
                                    }
                                  ]
                                }
                              ]
                            }
                          ]
                        }
                      ]
                    }
                  ]
                },
                {
                  "predicates" : [
                    {
                      "name" : "availableBudget",
                      "negative" : false
                    },
                    {
                      "name" : "pass",
                      "negative" : false
                    }
                  ],
                  "operations" : [
                    {
                      "action" : "template-The projection cost of ${amount_of_money} is within your budget of {availableBudget}"
                    }
                  ]
                }
              ]
            }
          ]
        }
      ]
    }
  ]
}